<?xml version="1.0" encoding="UTF-8"?>
<!DOCTYPE hibernate-configuration PUBLIC
	"-//Hibernate/Hibernate Configuration DTD 3.0//EN"
	"http://www.hibernate.org/dtd/hibernate-configuration-3.0.dtd">

<hibernate-configuration>
	<session-factory>
		<property name="hbm2ddl.auto">update</property>
		<property name="dialect">org.hibernate.dialect.MySQL8Dialect</property>
		<property name="connection.url">jdbc:mysql://localhost:3306/myparkingspace_db</property>
		<property name="connection.username">root</property>
		<property name="connection.password">root</property>
		<property name="connection.driver_class">com.mysql.jdbc.Driver</property>
		<property name="show_sql">true</property>
		<mapping class="hibernate.Bookings" />	
		<mapping class="hibernate.Documents" />	
		<mapping class="hibernate.Payments" />	
		<mapping class="hibernate.Users" />	
		<mapping class="hibernate.Vehicles" />	
		<mapping class="hibernate.Categories" />	
		<mapping class="hibernate.Vendors" />	
		<mapping class="hibernate.Prices" />
		<mapping class="hibernate.SpotTypes" />	
	</session-factory>
</hibernate-configuration>